"a_number","b_number","duration","calleeCarrier","weight","startTime","callDay","startDate"
"089-1000037","089-1000006","502","AIS","502.0","19.15","Sunday","20150906"
"089-1000037","089-1000095","260","AIS","260.0","8.34","Tuesday","20150906"
"089-1000037","089-1000041","304","AIS","304.0","19.41","Saturday","20150925"
"089-1000037","089-1000078","348","AIS","348.0","12.45","Wednesday","20150909"
"089-1000037","089-1000008","290","AIS","290.0","7.24","Monday","20150908"
"089-1000037","089-1000003","265","AIS","265.0","16.18","Thursday","20150929"
"089-1000037","089-1000069","381","AIS","381.0","2.44","Saturday","20150930"
"089-1000037","089-1000091","202","AIS","202.0","8.47","Monday","20150917"
"089-1000037","089-1000033","264","AIS","264.0","14.18","Tuesday","20150914"
"089-1000037","089-1000048","422","AIS","422.0","16.44","Sunday","20150926"
"089-1000037","089-1000053","22","AIS","22.0","22.38","Sunday","20150906"
"089-1000053","089-1000099","364","AIS","364.0","4.17","Wednesday","20150924"
"089-1000053","089-1000076","511","AIS","511.0","1.1","Friday","20150901"
"089-1000053","089-1000019","115","AIS","115.0","12.56","Saturday","20150930"
"089-1000053","089-1000000","23","AIS","23.0","11.1","Sunday","20150924"
"089-1000053","089-1000003","54","AIS","54.0","16.35","Wednesday","20150910"
"089-1000053","089-1000084","421","AIS","421.0","6.17","Saturday","20150926"
"089-1000053","089-1000063","505","AIS","505.0","15.52","Friday","20150905"
"089-1000053","089-1000006","331","AIS","331.0","18.58","Sunday","20150916"
"089-1000053","089-1000036","482","AIS","482.0","0.38","Tuesday","20150925"
"089-1000082","089-1000044","595","AIS","595.0","18.31","Saturday","20150930"
"089-1000082","089-1000088","466","AIS","466.0","10.52","Thursday","20150926"
"089-1000082","089-1000072","314","AIS","314.0","10.25","Tuesday","20150916"
"089-1000082","089-1000011","236","AIS","236.0","9.57","Monday","20150926"
"089-1000082","089-1000073","563","AIS","563.0","19.45","Thursday","20150915"
"089-1000082","089-1000051","517","AIS","517.0","23.23","Saturday","20150901"
"089-1000082","089-1000074","35","AIS","35.0","9.51","Monday","20150923"
"089-1000082","089-1000028","51","AIS","51.0","5.59","Friday","20150920"
"089-1000082","089-1000068","250","AIS","250.0","2.57","Sunday","20150918"
"089-1000082","089-1000022","123","AIS","123.0","7.15","Wednesday","20150918"
"089-1000082","089-1000034","559","AIS","559.0","11.37","Thursday","20150925"
"089-1000022","089-1000004","45","AIS","45.0","8.54","Wednesday","20150913"
"089-1000022","089-1000078","383","AIS","383.0","12.3","Monday","20150929"
"089-1000022","089-1000058","558","AIS","558.0","11.43","Wednesday","20150903"
"089-1000022","089-1000100","347","AIS","347.0","3.43","Thursday","20150904"
"089-1000022","089-1000010","436","AIS","436.0","3.5","Friday","20150920"
"089-1000022","089-1000074","366","AIS","366.0","0.57","Sunday","20150918"
"089-1000022","089-1000035","50","AIS","50.0","19.58","Thursday","20150904"
"089-1000022","089-1000033","417","AIS","417.0","19.33","Saturday","20150902"
"089-1000022","089-1000094","522","AIS","522.0","21.58","Saturday","20150923"
"089-1000022","089-1000023","46","AIS","286.0","12.14","Friday","20150919"
"089-1000022","089-1000011","345","AIS","345.0","3.38","Monday","20150903"
"089-1000022","089-1000023","34","AIS","34.0","0.12","Thursday","20150923"
"089-1000036","089-1000051","236","AIS","236.0","13.32","Friday","20150914"
"089-1000036","089-1000033","506","AIS","506.0","18.37","Wednesday","20150907"
"089-1000036","089-1000040","172","AIS","172.0","18.53","Saturday","20150915"
"089-1000036","089-1000078","135","AIS","135.0","7.27","Thursday","20150912"
"089-1000036","089-1000099","10","AIS","10.0","4.43","Wednesday","20150902"
"089-1000036","089-1000030","492","AIS","492.0","5.5","Friday","20150907"
"089-1000036","089-1000023","444","AIS","444.0","22.39","Saturday","20150901"
"089-1000036","089-1000049","17","AIS","17.0","14.14","Friday","20150918"
"089-1000036","089-1000008","137","AIS","137.0","2.23","Monday","20150908"
"089-1000036","089-1000042","248","AIS","248.0","13.49","Monday","20150918"
"089-1000036","089-1000065","198","AIS","198.0","13.23","Wednesday","20150901"
"089-1000065","089-1000005","191","AIS","2351.0","0.16","Saturday","20150916"
"089-1000065","089-1000098","502","AIS","502.0","17.22","Wednesday","20150927"
"089-1000065","089-1000086","358","AIS","358.0","8.55","Friday","20150909"
"089-1000065","089-1000009","534","AIS","534.0","23.27","Monday","20150929"
"089-1000065","089-1000005","486","AIS","486.0","0.4","Friday","20150902"
"089-1000065","089-1000011","452","AIS","452.0","16.17","Tuesday","20150910"
"089-1000065","089-1000033","405","AIS","405.0","20.28","Monday","20150908"
"089-1000065","089-1000092","271","AIS","271.0","14.36","Monday","20150928"
"089-1000065","089-1000060","267","AIS","267.0","7.49","Tuesday","20150923"
"089-1000065","089-1000048","561","AIS","561.0","23.45","Thursday","20150912"
"089-1000062","089-1000072","173","AIS","173.0","10.29","Friday","20150930"
"089-1000062","089-1000028","23","AIS","23.0","13.56","Tuesday","20150917"
"089-1000062","089-1000002","448","AIS","448.0","4.55","Monday","20150903"
"089-1000062","089-1000064","328","AIS","328.0","13.58","Saturday","20150923"
"089-1000062","089-1000021","433","AIS","433.0","9.27","Saturday","20150928"
"089-1000062","089-1000062","571","AIS","1171.0","16.16","Tuesday","20150907"
"089-1000062","089-1000091","452","AIS","452.0","7.22","Thursday","20150921"
"089-1000062","089-1000081","208","AIS","208.0","19.25","Saturday","20150901"
"089-1000062","089-1000044","267","AIS","267.0","12.17","Thursday","20150930"
"089-1000062","089-1000025","274","AIS","274.0","21.16","Monday","20150929"
"089-1000025","089-1000056","84","AIS","84.0","2.56","Friday","20150921"
"089-1000025","089-1000033","410","AIS","410.0","3.5","Monday","20150902"
"089-1000025","089-1000096","205","AIS","205.0","18.18","Sunday","20150913"
"089-1000025","089-1000092","87","AIS","87.0","23.47","Sunday","20150905"
"089-1000025","089-1000028","125","AIS","125.0","6.24","Monday","20150919"
"089-1000025","089-1000067","211","AIS","211.0","20.53","Friday","20150923"
"089-1000025","089-1000010","307","AIS","307.0","14.43","Sunday","20150925"
"089-1000025","089-1000064","584","AIS","584.0","15.22","Monday","20150904"
"089-1000025","089-1000017","300","AIS","300.0","18.51","Saturday","20150928"
"089-1000025","089-1000012","331","AIS","331.0","16.53","Friday","20150923"
"089-1000025","089-1000041","518","AIS","518.0","18.58","Monday","20150919"
"089-1000025","089-1000074","465","AIS","465.0","23.36","Sunday","20150905"
"089-1000025","089-1000025","484","AIS","1024.0","13.31","Friday","20150919"
"089-1000047","089-1000067","209","AIS","209.0","17.49","Wednesday","20150922"
"089-1000047","089-1000071","72","AIS","72.0","15.36","Thursday","20150903"
"089-1000047","089-1000097","124","AIS","124.0","1.36","Saturday","20150904"
"089-1000047","089-1000006","376","AIS","376.0","19.58","Friday","20150912"
"089-1000047","089-1000095","559","AIS","1039.0","3.57","Thursday","20150909"
"089-1000047","089-1000095","65","AIS","65.0","9.39","Tuesday","20150931"
"089-1000047","089-1000018","261","AIS","261.0","19.47","Thursday","20150921"
"089-1000047","089-1000024","78","AIS","78.0","1.36","Wednesday","20150931"
"089-1000047","089-1000015","327","AIS","327.0","1.19","Wednesday","20150903"
"089-1000047","089-1000082","579","AIS","579.0","11.57","Monday","20150928"
"089-1000047","089-1000027","233","AIS","233.0","11.53","Tuesday","20150928"
"089-1000047","089-1000047","84","AIS","204.0","16.47","Sunday","20150916"
"089-1000028","089-1000040","174","AIS","174.0","21.24","Wednesday","20150920"
"089-1000028","089-1000080","251","AIS","251.0","20.21","Wednesday","20150914"
"089-1000028","089-1000043","209","AIS","209.0","9.42","Sunday","20150927"
"089-1000028","089-1000005","112","AIS","112.0","15.17","Sunday","20150904"
"089-1000028","089-1000058","441","AIS","441.0","12.53","Saturday","20150916"
"089-1000028","089-1000062","220","AIS","220.0","19.59","Tuesday","20150902"
"089-1000028","089-1000087","460","AIS","460.0","5.14","Friday","20150926"
"089-1000028","089-1000072","248","AIS","248.0","21.16","Thursday","20150923"
"089-1000028","089-1000013","239","AIS","239.0","14.28","Monday","20150916"
"089-1000028","089-1000011","513","AIS","513.0","8.25","Friday","20150922"
"089-1000028","089-1000002","332","AIS","332.0","5.11","Monday","20150905"
"089-1000028","089-1000037","346","AIS","346.0","16.37","Wednesday","20150928"
"089-1000028","089-1000014","138","AIS","138.0","10.12","Wednesday","20150918"
"089-1000028","089-1000006","184","AIS","184.0","7.53","Sunday","20150907"
"089-1000006","089-1000006","473","AIS","1913.0","9.22","Thursday","20150905"
"089-1000006","089-1000089","476","AIS","476.0","18.34","Thursday","20150907"
"089-1000006","089-1000006","205","AIS","205.0","20.42","Monday","20150911"
"089-1000006","089-1000078","412","AIS","412.0","23.47","Tuesday","20150916"
"089-1000006","089-1000094","457","AIS","457.0","12.55","Thursday","20150925"
"089-1000006","089-1000015","343","AIS","343.0","3.33","Sunday","20150927"
"089-1000006","089-1000029","275","AIS","275.0","21.55","Wednesday","20150909"
"089-1000006","089-1000024","38","AIS","38.0","9.56","Wednesday","20150906"
"089-1000006","089-1000031","359","AIS","359.0","8.4","Friday","20150916"
"089-1000006","089-1000062","84","AIS","84.0","4.41","Saturday","20150925"
"089-1000006","089-1000049","166","AIS","166.0","12.12","Friday","20150931"
"089-1000006","089-1000030","315","AIS","315.0","5.29","Thursday","20150930"
"089-1000006","089-1000100","81","AIS","81.0","18.36","Monday","20150904"
"089-1000024","089-1000093","259","AIS","259.0","23.53","Saturday","20150916"
"089-1000024","089-1000065","196","AIS","1636.0","2.53","Wednesday","20150922"
"089-1000024","089-1000027","597","AIS","597.0","18.38","Wednesday","20150931"
"089-1000024","089-1000043","507","AIS","2427.0","16.3","Saturday","20150919"
"089-1000024","089-1000070","534","AIS","534.0","22.54","Friday","20150930"
"089-1000024","089-1000058","381","AIS","381.0","2.58","Friday","20150902"
"089-1000024","089-1000043","437","AIS","437.0","3.53","Saturday","20150924"
"089-1000024","089-1000096","471","AIS","471.0","3.21","Friday","20150924"
"089-1000024","089-1000092","72","AIS","72.0","0.33","Sunday","20150928"
"089-1000024","089-1000065","323","AIS","323.0","18.43","Friday","20150924"
"089-1000059","089-1000004","580","AIS","580.0","13.1","Friday","20150931"
"089-1000059","089-1000020","251","AIS","251.0","23.14","Monday","20150909"
"089-1000059","089-1000037","264","AIS","264.0","9.38","Sunday","20150922"
"089-1000059","089-1000053","375","AIS","375.0","13.5","Thursday","20150910"
"089-1000059","089-1000090","172","AIS","172.0","22.17","Saturday","20150912"
"089-1000059","089-1000057","507","AIS","507.0","20.12","Sunday","20150905"
"089-1000059","089-1000069","330","AIS","330.0","3.22","Friday","20150914"
"089-1000059","089-1000082","400","AIS","400.0","14.44","Sunday","20150902"
"089-1000059","089-1000009","432","AIS","432.0","21.12","Friday","20150905"
"089-1000059","089-1000039","428","AIS","428.0","17.25","Monday","20150924"
"089-1000059","089-1000005","384","AIS","384.0","11.55","Tuesday","20150925"
"089-1000059","089-1000055","428","AIS","428.0","17.18","Saturday","20150909"
"089-1000059","089-1000070","289","AIS","289.0","1.45","Thursday","20150919"
"089-1000059","089-1000017","34","AIS","34.0","20.34","Saturday","20150920"
"089-1000017","089-1000073","110","AIS","1070.0","3.49","Thursday","20150907"
"089-1000017","089-1000015","339","AIS","339.0","22.12","Thursday","20150909"
"089-1000017","089-1000073","230","AIS","230.0","3.27","Wednesday","20150908"
"089-1000017","089-1000071","306","AIS","306.0","21.12","Friday","20150926"
"089-1000017","089-1000072","257","AIS","257.0","15.22","Sunday","20150915"
"089-1000017","089-1000058","133","AIS","133.0","16.24","Wednesday","20150924"
"089-1000017","089-1000055","373","AIS","373.0","21.59","Tuesday","20150921"
"089-1000017","089-1000093","189","AIS","189.0","9.14","Saturday","20150911"
"089-1000094","089-1000007","519","AIS","519.0","9.33","Friday","20150922"
"089-1000094","089-1000100","165","AIS","165.0","8.33","Saturday","20150913"
"089-1000094","089-1000086","247","AIS","247.0","11.2","Sunday","20150912"
"089-1000094","089-1000050","138","AIS","138.0","22.18","Tuesday","20150917"
"089-1000094","089-1000041","134","AIS","134.0","15.33","Saturday","20150920"
"089-1000094","089-1000025","455","AIS","455.0","2.44","Sunday","20150905"
"089-1000094","089-1000078","483","AIS","483.0","14.16","Monday","20150923"
"089-1000094","089-1000058","492","AIS","492.0","12.12","Monday","20150911"
"089-1000058","089-1000018","399","AIS","399.0","12.51","Sunday","20150922"
"089-1000058","089-1000006","558","AIS","558.0","12.45","Thursday","20150929"
"089-1000058","089-1000004","516","AIS","516.0","21.58","Wednesday","20150905"
"089-1000058","089-1000027","381","AIS","381.0","1.51","Thursday","20150924"
"089-1000058","089-1000049","142","AIS","142.0","13.27","Monday","20150917"
"089-1000058","089-1000072","548","AIS","548.0","4.38","Tuesday","20150921"
"089-1000030","089-1000005","419","AIS","419.0","4.45","Wednesday","20150917"
"089-1000030","089-1000029","13","AIS","13.0","9.46","Monday","20150902"
"089-1000030","089-1000067","371","AIS","371.0","21.42","Tuesday","20150901"
"089-1000030","089-1000036","321","AIS","321.0","23.46","Friday","20150916"
"089-1000030","089-1000062","265","AIS","2185.0","23.23","Tuesday","20150927"
"089-1000030","089-1000062","454","AIS","454.0","12.41","Monday","20150912"
"089-1000030","089-1000099","216","AIS","216.0","17.48","Sunday","20150914"
"089-1000030","089-1000079","446","AIS","446.0","9.46","Thursday","20150923"
"089-1000030","089-1000002","369","AIS","369.0","19.46","Tuesday","20150919"
"089-1000030","089-1000007","447","AIS","447.0","7.24","Sunday","20150929"
"089-1000030","089-1000041","353","AIS","353.0","1.11","Monday","20150924"
"089-1000030","089-1000031","135","AIS","135.0","14.36","Saturday","20150928"
"089-1000030","089-1000013","269","AIS","269.0","17.5","Sunday","20150911"
"089-1000030","089-1000024","228","AIS","228.0","6.4","Friday","20150910"
"089-1000034","089-1000005","422","AIS","422.0","15.42","Sunday","20150908"
"089-1000034","089-1000096","533","AIS","1973.0","21.18","Wednesday","20150902"
"089-1000034","089-1000093","14","AIS","14.0","3.14","Saturday","20150902"
"089-1000034","089-1000052","406","AIS","406.0","7.45","Saturday","20150908"
"089-1000034","089-1000019","286","AIS","286.0","19.31","Thursday","20150930"
"089-1000034","089-1000026","40","AIS","40.0","6.22","Tuesday","20150909"
"089-1000034","089-1000056","454","AIS","454.0","8.31","Thursday","20150914"
"089-1000034","089-1000015","349","AIS","349.0","18.13","Sunday","20150923"
"089-1000034","089-1000069","16","AIS","16.0","6.19","Thursday","20150924"
"089-1000034","089-1000098","35","AIS","35.0","22.53","Friday","20150901"
"089-1000034","089-1000096","358","AIS","358.0","10.31","Sunday","20150912"
"089-1000034","089-1000034","123","AIS","303.0","23.45","Thursday","20150920"
"089-1000034","089-1000058","534","AIS","534.0","18.53","Monday","20150924"
"089-1000034","089-1000014","123","AIS","123.0","17.22","Saturday","20150911"
"089-1000034","089-1000025","320","AIS","320.0","15.55","Monday","20150910"
"089-1000020","089-1000088","552","AIS","552.0","20.22","Saturday","20150931"
"089-1000020","089-1000007","262","AIS","262.0","7.18","Wednesday","20150926"
"089-1000020","089-1000049","250","AIS","250.0","4.33","Thursday","20150929"
"089-1000020","089-1000090","397","AIS","397.0","19.46","Friday","20150906"
"089-1000020","089-1000019","366","AIS","366.0","11.29","Sunday","20150901"
"089-1000020","089-1000073","182","AIS","182.0","21.58","Thursday","20150903"
"089-1000020","089-1000010","166","AIS","166.0","21.44","Tuesday","20150919"
"089-1000020","089-1000015","318","AIS","318.0","7.38","Friday","20150926"
"089-1000015","089-1000013","594","AIS","594.0","6.42","Wednesday","20150907"
"089-1000015","089-1000095","228","AIS","228.0","16.44","Tuesday","20150930"
"089-1000015","089-1000039","42","AIS","42.0","5.48","Wednesday","20150916"
"089-1000015","089-1000000","111","AIS","111.0","10.11","Thursday","20150922"
"089-1000015","089-1000091","508","AIS","508.0","22.32","Thursday","20150917"
"089-1000015","089-1000062","315","AIS","315.0","20.42","Tuesday","20150927"
"089-1000015","089-1000032","404","AIS","404.0","22.36","Sunday","20150905"
"089-1000015","089-1000016","375","AIS","375.0","10.49","Monday","20150921"
"089-1000015","089-1000002","334","AIS","334.0","23.16","Monday","20150927"
"089-1000015","089-1000076","155","AIS","155.0","3.56","Monday","20150931"
"089-1000015","089-1000097","265","AIS","265.0","19.5","Sunday","20150903"
"089-1000097","089-1000044","291","AIS","291.0","17.14","Saturday","20150907"
"089-1000097","089-1000075","179","AIS","179.0","14.45","Wednesday","20150912"
"089-1000097","089-1000009","191","AIS","191.0","21.28","Monday","20150913"
"089-1000097","089-1000098","482","AIS","482.0","10.55","Monday","20150925"
"089-1000097","089-1000054","355","AIS","1555.0","19.45","Wednesday","20150909"
"089-1000097","089-1000035","75","AIS","75.0","14.56","Friday","20150911"
"089-1000097","089-1000054","279","AIS","279.0","7.32","Sunday","20150903"
"089-1000097","089-1000064","201","AIS","201.0","14.44","Wednesday","20150904"
"089-1000097","089-1000040","29","AIS","29.0","7.16","Monday","20150930"
"089-1000097","089-1000024","336","AIS","336.0","2.53","Wednesday","20150904"
"089-1000097","089-1000084","486","AIS","486.0","0.24","Sunday","20150929"
"089-1000084","089-1000066","479","AIS","479.0","19.16","Tuesday","20150913"
"089-1000084","089-1000060","532","AIS","532.0","4.25","Tuesday","20150927"
"089-1000084","089-1000089","177","AIS","657.0","19.52","Tuesday","20150919"
"089-1000084","089-1000061","437","AIS","437.0","6.27","Thursday","20150910"
"089-1000084","089-1000053","164","AIS","164.0","12.17","Thursday","20150910"
"089-1000084","089-1000085","240","AIS","240.0","9.48","Saturday","20150914"
"089-1000084","089-1000089","63","AIS","63.0","6.11","Thursday","20150914"
"089-1000084","089-1000002","99","AIS","99.0","4.49","Thursday","20150910"
"089-1000084","089-1000051","424","AIS","424.0","13.52","Thursday","20150927"
"089-1000084","089-1000058","27","AIS","27.0","4.18","Saturday","20150928"
"089-1000084","089-1000095","490","AIS","490.0","4.33","Wednesday","20150915"
"089-1000084","089-1000063","532","AIS","532.0","12.14","Saturday","20150925"
"089-1000084","089-1000090","473","AIS","473.0","23.56","Monday","20150916"
"089-1000084","089-1000029","246","AIS","246.0","12.26","Sunday","20150920"
"089-1000084","089-1000011","354","AIS","354.0","1.21","Thursday","20150921"
"089-1000100","089-1000025","160","AIS","1360.0","7.31","Friday","20150914"
"089-1000100","089-1000027","121","AIS","121.0","23.19","Tuesday","20150917"
"089-1000100","089-1000088","207","AIS","207.0","6.57","Sunday","20150923"
"089-1000100","089-1000028","450","AIS","450.0","14.14","Tuesday","20150912"
"089-1000100","089-1000063","536","AIS","536.0","5.11","Sunday","20150904"
"089-1000100","089-1000055","131","AIS","131.0","16.14","Wednesday","20150913"
"089-1000100","089-1000068","72","AIS","72.0","7.17","Friday","20150915"
"089-1000100","089-1000025","256","AIS","256.0","23.59","Sunday","20150902"
"089-1000100","089-1000000","152","AIS","152.0","22.39","Saturday","20150911"
"089-1000100","089-1000077","152","AIS","152.0","16.4","Tuesday","20150904"
"089-1000044","089-1000086","265","AIS","265.0","13.33","Wednesday","20150915"
"089-1000044","089-1000089","63","AIS","63.0","17.1","Wednesday","20150919"
"089-1000044","089-1000048","30","AIS","30.0","13.42","Tuesday","20150909"
"089-1000044","089-1000046","317","AIS","317.0","22.11","Thursday","20150905"
"089-1000044","089-1000039","200","AIS","440.0","5.11","Tuesday","20150907"
"089-1000044","089-1000012","510","AIS","510.0","18.53","Thursday","20150902"
"089-1000044","089-1000059","361","AIS","361.0","10.37","Sunday","20150909"
"089-1000044","089-1000017","547","AIS","547.0","23.29","Thursday","20150906"
"089-1000044","089-1000060","248","AIS","248.0","1.55","Friday","20150908"
"089-1000044","089-1000039","49","AIS","49.0","14.38","Thursday","20150926"
"089-1000044","089-1000067","595","AIS","595.0","15.33","Thursday","20150917"
"089-1000044","089-1000082","269","AIS","269.0","6.37","Sunday","20150907"
"089-1000044","089-1000077","39","AIS","39.0","6.33","Wednesday","20150914"
"089-1000044","089-1000080","531","AIS","531.0","13.48","Tuesday","20150928"
"089-1000044","089-1000081","187","AIS","187.0","2.36","Wednesday","20150926"
"089-1000044","089-1000038","506","AIS","506.0","15.51","Wednesday","20150926"
"089-1000044","089-1000069","403","AIS","403.0","23.28","Tuesday","20150919"
"089-1000044","089-1000031","444","AIS","444.0","1.48","Thursday","20150927"
"089-1000031","089-1000086","87","AIS","87.0","11.5","Thursday","20150927"
"089-1000031","089-1000025","173","AIS","173.0","8.23","Saturday","20150925"
"089-1000031","089-1000035","224","AIS","224.0","19.29","Monday","20150903"
"089-1000031","089-1000005","510","AIS","510.0","17.26","Sunday","20150917"
"089-1000031","089-1000004","121","AIS","121.0","9.43","Sunday","20150925"
"089-1000031","089-1000084","176","AIS","176.0","12.28","Sunday","20150911"
"089-1000031","089-1000065","289","AIS","289.0","22.46","Monday","20150928"
"089-1000031","089-1000022","262","AIS","262.0","18.18","Friday","20150928"
"089-1000085","089-1000077","489","AIS","489.0","0.49","Thursday","20150920"
"089-1000085","089-1000013","500","AIS","500.0","7.16","Tuesday","20150930"
"089-1000085","089-1000010","216","AIS","216.0","15.5","Sunday","20150912"
"089-1000085","089-1000065","257","AIS","257.0","22.14","Friday","20150909"
"089-1000085","089-1000009","543","AIS","543.0","7.49","Tuesday","20150910"
"089-1000085","089-1000022","42","AIS","42.0","16.11","Saturday","20150920"
"089-1000085","089-1000056","49","AIS","49.0","21.23","Monday","20150914"
"089-1000085","089-1000048","94","AIS","94.0","20.54","Saturday","20150911"
"089-1000085","089-1000091","225","AIS","1665.0","6.39","Saturday","20150931"
"089-1000085","089-1000058","455","AIS","455.0","13.48","Tuesday","20150911"
"089-1000085","089-1000091","328","AIS","328.0","8.43","Friday","20150930"
"089-1000085","089-1000074","283","AIS","283.0","15.34","Friday","20150901"
"089-1000085","089-1000088","497","AIS","497.0","15.49","Tuesday","20150909"
"089-1000085","089-1000071","180","AIS","180.0","18.12","Saturday","20150914"
"089-1000071","089-1000006","142","AIS","142.0","18.48","Tuesday","20150914"
"089-1000071","089-1000050","386","AIS","386.0","5.42","Sunday","20150908"
"089-1000071","089-1000057","402","AIS","402.0","5.52","Sunday","20150930"
"089-1000071","089-1000074","547","AIS","547.0","14.11","Monday","20150920"
"089-1000071","089-1000031","65","AIS","65.0","13.54","Tuesday","20150911"
"089-1000071","089-1000044","261","AIS","261.0","7.19","Friday","20150910"
"089-1000071","089-1000077","559","AIS","559.0","5.43","Friday","20150925"
"089-1000071","089-1000028","226","AIS","226.0","6.31","Friday","20150905"
"089-1000071","089-1000080","589","AIS","589.0","21.46","Friday","20150913"
"089-1000071","089-1000007","474","AIS","474.0","12.47","Sunday","20150922"
"089-1000076","089-1000070","384","AIS","384.0","0.57","Monday","20150931"
"089-1000076","089-1000022","71","AIS","71.0","2.42","Saturday","20150913"
"089-1000076","089-1000028","494","AIS","494.0","14.58","Sunday","20150904"
"089-1000076","089-1000087","215","AIS","215.0","4.57","Tuesday","20150910"
"089-1000076","089-1000036","520","AIS","520.0","12.34","Sunday","20150901"
"089-1000076","089-1000099","216","AIS","216.0","23.34","Friday","20150902"
"089-1000076","089-1000004","171","AIS","171.0","5.13","Wednesday","20150913"
"089-1000076","089-1000084","406","AIS","406.0","3.48","Wednesday","20150905"
"089-1000076","089-1000050","264","AIS","264.0","0.33","Saturday","20150917"
"089-1000076","089-1000052","175","AIS","175.0","10.2","Tuesday","20150907"
"089-1000076","089-1000063","516","AIS","516.0","22.52","Tuesday","20150908"
"089-1000076","089-1000058","189","AIS","189.0","18.21","Thursday","20150911"
"089-1000076","089-1000015","148","AIS","148.0","23.43","Tuesday","20150923"
"089-1000076","089-1000056","264","AIS","264.0","19.47","Saturday","20150927"
"089-1000076","089-1000025","523","AIS","523.0","16.13","Saturday","20150926"
"089-1000038","089-1000020","326","AIS","326.0","20.41","Sunday","20150911"
"089-1000038","089-1000078","138","AIS","138.0","15.53","Tuesday","20150910"
"089-1000038","089-1000086","201","AIS","201.0","0.24","Tuesday","20150930"
"089-1000038","089-1000090","325","AIS","325.0","2.37","Wednesday","20150929"
"089-1000038","089-1000005","50","AIS","50.0","15.34","Wednesday","20150931"
"089-1000038","089-1000093","135","AIS","135.0","13.22","Saturday","20150901"
"089-1000038","089-1000061","288","AIS","288.0","3.55","Thursday","20150920"
"089-1000038","089-1000068","404","AIS","404.0","9.44","Monday","20150916"
"089-1000068","089-1000077","211","AIS","211.0","19.45","Tuesday","20150907"
"089-1000068","089-1000054","58","AIS","58.0","3.14","Tuesday","20150926"
"089-1000068","089-1000065","300","AIS","300.0","14.25","Monday","20150911"
"089-1000068","089-1000063","110","AIS","110.0","19.21","Monday","20150914"
"089-1000068","089-1000026","187","AIS","187.0","19.14","Sunday","20150901"
"089-1000068","089-1000012","297","AIS","297.0","6.37","Monday","20150914"
"089-1000068","089-1000093","224","AIS","224.0","0.19","Wednesday","20150914"
"089-1000068","089-1000071","457","AIS","457.0","5.26","Saturday","20150901"
"089-1000086","089-1000052","527","AIS","527.0","19.27","Monday","20150928"
"089-1000086","089-1000061","534","AIS","534.0","3.33","Wednesday","20150926"
"089-1000086","089-1000067","384","AIS","384.0","13.37","Saturday","20150917"
"089-1000086","089-1000024","538","AIS","538.0","11.41","Saturday","20150906"
"089-1000086","089-1000014","105","AIS","105.0","22.38","Wednesday","20150914"
"089-1000086","089-1000078","371","AIS","371.0","21.28","Friday","20150907"
"089-1000086","089-1000027","433","AIS","433.0","4.21","Sunday","20150916"
"089-1000086","089-1000091","12","AIS","12.0","15.17","Saturday","20150905"
"089-1000086","089-1000065","236","AIS","236.0","3.15","Tuesday","20150928"
"089-1000086","089-1000016","183","AIS","183.0","14.37","Monday","20150930"
"089-1000016","089-1000033","13","AIS","13.0","19.41","Monday","20150916"
"089-1000016","089-1000006","191","AIS","191.0","23.34","Tuesday","20150906"
"089-1000016","089-1000037","336","AIS","336.0","14.13","Wednesday","20150911"
"089-1000016","089-1000005","418","AIS","418.0","12.44","Tuesday","20150920"
"089-1000016","089-1000039","581","AIS","581.0","2.56","Saturday","20150923"
"089-1000016","089-1000058","590","AIS","590.0","12.53","Tuesday","20150917"
"089-1000080","089-1000097","260","AIS","260.0","13.5","Saturday","20150912"
"089-1000080","089-1000047","469","AIS","469.0","19.11","Friday","20150901"
"089-1000080","089-1000068","228","AIS","708.0","10.32","Friday","20150926"
"089-1000080","089-1000082","352","AIS","352.0","16.19","Sunday","20150925"
"089-1000080","089-1000008","448","AIS","448.0","3.54","Thursday","20150911"
"089-1000080","089-1000021","545","AIS","545.0","7.51","Wednesday","20150929"
"089-1000080","089-1000064","72","AIS","72.0","23.37","Thursday","20150928"
"089-1000080","089-1000068","109","AIS","109.0","2.39","Sunday","20150923"
"089-1000080","089-1000079","500","AIS","500.0","21.24","Tuesday","20150911"
"089-1000079","089-1000097","552","AIS","552.0","7.22","Saturday","20150907"
"089-1000079","089-1000018","134","AIS","134.0","17.2","Thursday","20150918"
"089-1000079","089-1000017","75","AIS","1755.0","18.15","Sunday","20150904"
"089-1000079","089-1000073","307","AIS","307.0","13.39","Wednesday","20150917"
"089-1000079","089-1000017","365","AIS","365.0","4.37","Monday","20150919"
"089-1000079","089-1000042","77","AIS","77.0","15.52","Monday","20150916"
"089-1000079","089-1000023","421","AIS","421.0","6.22","Thursday","20150912"
"089-1000079","089-1000072","522","AIS","522.0","23.31","Sunday","20150911"
"089-1000079","089-1000010","596","AIS","596.0","12.12","Wednesday","20150921"
"089-1000079","089-1000070","430","AIS","430.0","19.45","Tuesday","20150907"
"089-1000079","089-1000048","481","AIS","481.0","15.44","Friday","20150930"
"089-1000014","089-1000055","311","AIS","2711.0","0.1","Sunday","20150931"
"089-1000014","089-1000040","346","AIS","346.0","18.35","Thursday","20150910"
"089-1000014","089-1000034","128","AIS","128.0","14.22","Monday","20150901"
"089-1000014","089-1000055","596","AIS","596.0","0.4","Friday","20150920"
"089-1000014","089-1000047","280","AIS","280.0","23.38","Monday","20150919"
"089-1000014","089-1000035","240","AIS","240.0","4.49","Sunday","20150910"
"089-1000014","089-1000041","340","AIS","340.0","22.27","Thursday","20150906"
"089-1000041","089-1000031","299","AIS","299.0","22.14","Wednesday","20150902"
"089-1000041","089-1000068","91","AIS","91.0","4.36","Tuesday","20150917"
"089-1000041","089-1000059","420","AIS","420.0","18.59","Wednesday","20150930"
"089-1000041","089-1000082","219","AIS","219.0","1.31","Saturday","20150922"
"089-1000041","089-1000092","496","AIS","496.0","20.56","Thursday","20150901"
"089-1000041","089-1000036","567","AIS","567.0","7.55","Monday","20150921"
"089-1000041","089-1000088","48","AIS","48.0","14.39","Thursday","20150926"
"089-1000041","089-1000051","401","AIS","401.0","9.49","Monday","20150911"
"089-1000041","089-1000086","437","AIS","437.0","1.23","Friday","20150928"
"089-1000041","089-1000001","569","AIS","569.0","12.1","Sunday","20150907"
"089-1000041","089-1000072","216","AIS","216.0","21.53","Monday","20150929"
"089-1000041","089-1000050","225","AIS","225.0","3.33","Thursday","20150907"
"089-1000041","089-1000090","118","AIS","118.0","3.47","Monday","20150923"
"089-1000041","089-1000039","46","AIS","46.0","10.12","Monday","20150922"
"089-1000023","089-1000096","388","AIS","388.0","5.38","Tuesday","20150903"
"089-1000023","089-1000046","298","AIS","298.0","16.13","Saturday","20150912"
"089-1000023","089-1000098","310","AIS","310.0","18.26","Sunday","20150902"
"089-1000023","089-1000064","186","AIS","186.0","2.32","Wednesday","20150930"
"089-1000023","089-1000008","507","AIS","507.0","11.47","Saturday","20150902"
"089-1000023","089-1000095","130","AIS","130.0","4.5","Saturday","20150922"
"089-1000011","089-1000015","357","AIS","357.0","10.17","Tuesday","20150920"
"089-1000011","089-1000084","541","AIS","541.0","23.22","Tuesday","20150923"
"089-1000011","089-1000088","571","AIS","571.0","7.54","Friday","20150914"
"089-1000011","089-1000017","406","AIS","406.0","6.13","Sunday","20150931"
"089-1000011","089-1000044","260","AIS","260.0","17.23","Thursday","20150926"
"089-1000011","089-1000032","590","AIS","590.0","12.34","Friday","20150925"
"089-1000011","089-1000064","181","AIS","181.0","18.43","Sunday","20150919"
"089-1000011","089-1000026","36","AIS","36.0","20.12","Saturday","20150915"
"089-1000026","089-1000019","214","AIS","214.0","21.31","Tuesday","20150909"
"089-1000026","089-1000065","322","AIS","322.0","18.21","Friday","20150921"
"089-1000026","089-1000076","556","AIS","556.0","1.52","Saturday","20150909"
"089-1000026","089-1000043","223","AIS","1903.0","7.54","Tuesday","20150911"
"089-1000026","089-1000100","194","AIS","194.0","1.3","Friday","20150909"
"089-1000026","089-1000043","419","AIS","419.0","15.13","Tuesday","20150918"
"089-1000026","089-1000021","216","AIS","216.0","23.15","Friday","20150910"
"089-1000026","089-1000001","211","AIS","211.0","16.51","Tuesday","20150917"
"089-1000089","089-1000030","561","AIS","561.0","1.46","Wednesday","20150929"
"089-1000089","089-1000018","579","AIS","579.0","8.44","Thursday","20150903"
"089-1000089","089-1000060","537","AIS","537.0","18.33","Sunday","20150927"
"089-1000089","089-1000035","212","AIS","212.0","2.11","Thursday","20150931"
"089-1000035","089-1000083","244","AIS","244.0","4.41","Saturday","20150919"
"089-1000035","089-1000069","442","AIS","442.0","7.45","Friday","20150906"
"089-1000035","089-1000003","271","AIS","271.0","8.27","Friday","20150909"
"089-1000035","089-1000094","215","AIS","215.0","1.5","Friday","20150908"
"089-1000035","089-1000098","563","AIS","563.0","12.14","Thursday","20150921"
"089-1000035","089-1000082","90","AIS","90.0","15.5","Friday","20150925"
"089-1000035","089-1000005","102","AIS","102.0","15.55","Wednesday","20150901"
"089-1000092","089-1000090","143","AIS","143.0","9.55","Tuesday","20150916"
"089-1000092","089-1000069","204","AIS","204.0","16.47","Tuesday","20150920"
"089-1000092","089-1000020","26","AIS","26.0","1.14","Wednesday","20150929"
"089-1000092","089-1000097","75","AIS","75.0","6.14","Friday","20150917"
"089-1000092","089-1000099","563","AIS","563.0","17.13","Saturday","20150927"
"089-1000092","089-1000039","246","AIS","246.0","23.1","Tuesday","20150903"
"089-1000004","089-1000085","256","AIS","256.0","12.5","Friday","20150907"
"089-1000004","089-1000010","451","AIS","1411.0","3.2","Thursday","20150908"
"089-1000004","089-1000088","365","AIS","365.0","22.12","Friday","20150924"
"089-1000004","089-1000093","531","AIS","531.0","17.44","Thursday","20150904"
"089-1000004","089-1000010","236","AIS","236.0","6.17","Tuesday","20150917"
"089-1000004","089-1000087","83","AIS","83.0","8.11","Thursday","20150915"
"089-1000004","089-1000002","534","AIS","534.0","22.46","Friday","20150921"
"089-1000004","089-1000069","587","AIS","587.0","20.43","Sunday","20150927"
"089-1000004","089-1000080","110","AIS","110.0","14.49","Wednesday","20150906"
"089-1000004","089-1000013","126","AIS","126.0","5.5","Friday","20150906"
"089-1000055","089-1000077","20","AIS","20.0","5.29","Monday","20150910"
"089-1000055","089-1000030","262","AIS","262.0","17.5","Friday","20150910"
"089-1000055","089-1000088","191","AIS","2351.0","6.54","Wednesday","20150906"
"089-1000055","089-1000066","291","AIS","291.0","19.17","Thursday","20150922"
"089-1000055","089-1000064","307","AIS","307.0","9.34","Thursday","20150902"
"089-1000055","089-1000020","194","AIS","194.0","11.54","Friday","20150907"
"089-1000055","089-1000099","204","AIS","204.0","11.59","Monday","20150916"
"089-1000055","089-1000088","501","AIS","501.0","16.34","Monday","20150928"
"089-1000055","089-1000037","148","AIS","148.0","11.45","Wednesday","20150927"
"089-1000090","089-1000075","393","AIS","393.0","7.55","Wednesday","20150919"
"089-1000090","089-1000100","224","AIS","224.0","2.36","Thursday","20150907"
"089-1000090","089-1000047","486","AIS","486.0","8.14","Wednesday","20150904"
"089-1000090","089-1000093","480","AIS","480.0","7.56","Sunday","20150914"
"089-1000090","089-1000035","165","AIS","165.0","18.21","Wednesday","20150927"
"089-1000090","089-1000070","311","AIS","311.0","5.42","Monday","20150919"
"089-1000090","089-1000000","253","AIS","253.0","11.2","Wednesday","20150910"
"089-1000090","089-1000034","269","AIS","269.0","18.52","Monday","20150929"
"089-1000090","089-1000072","288","AIS","288.0","10.49","Wednesday","20150907"
"089-1000042","089-1000069","115","AIS","115.0","8.26","Sunday","20150928"
"089-1000042","089-1000043","506","AIS","506.0","11.46","Friday","20150910"
"089-1000042","089-1000007","111","AIS","111.0","1.49","Sunday","20150901"
"089-1000042","089-1000016","356","AIS","356.0","8.43","Wednesday","20150911"
"089-1000042","089-1000095","341","AIS","341.0","2.31","Saturday","20150903"
"089-1000042","089-1000087","489","AIS","489.0","13.36","Sunday","20150903"
"089-1000087","089-1000082","348","AIS","348.0","16.33","Saturday","20150909"
"089-1000087","089-1000067","267","AIS","2427.0","15.46","Monday","20150920"
"089-1000087","089-1000049","420","AIS","420.0","18.44","Wednesday","20150911"
"089-1000087","089-1000084","278","AIS","278.0","9.38","Sunday","20150909"
"089-1000087","089-1000040","529","AIS","529.0","14.45","Tuesday","20150916"
"089-1000087","089-1000067","532","AIS","532.0","10.49","Tuesday","20150912"
"089-1000087","089-1000068","81","AIS","1761.0","9.13","Friday","20150902"
"089-1000087","089-1000068","387","AIS","387.0","7.48","Thursday","20150910"
"089-1000087","089-1000030","443","AIS","443.0","10.47","Thursday","20150908"
"089-1000087","089-1000089","102","AIS","102.0","6.18","Sunday","20150915"
"089-1000056","089-1000043","93","AIS","93.0","13.4","Sunday","20150921"
"089-1000056","089-1000087","493","AIS","493.0","22.11","Thursday","20150930"
"089-1000056","089-1000049","149","AIS","149.0","17.49","Sunday","20150920"
"089-1000056","089-1000063","143","AIS","143.0","14.54","Thursday","20150928"
"089-1000056","089-1000006","140","AIS","140.0","3.12","Thursday","20150910"
"089-1000056","089-1000047","88","AIS","88.0","18.26","Wednesday","20150913"
"089-1000056","089-1000068","517","AIS","517.0","2.41","Saturday","20150909"
"089-1000056","089-1000056","343","AIS","703.0","8.2","Wednesday","20150905"
"089-1000049","089-1000030","313","AIS","313.0","14.1","Thursday","20150906"
"089-1000049","089-1000067","363","AIS","363.0","2.1","Thursday","20150929"
"089-1000049","089-1000054","334","AIS","1534.0","12.49","Friday","20150912"
"089-1000049","089-1000080","62","AIS","62.0","13.21","Friday","20150927"
"089-1000049","089-1000070","309","AIS","309.0","1.47","Monday","20150909"
"089-1000049","089-1000000","157","AIS","157.0","1.58","Wednesday","20150910"
"089-1000049","089-1000073","166","AIS","166.0","2.58","Saturday","20150905"
"089-1000049","089-1000054","289","AIS","289.0","8.51","Sunday","20150910"
"089-1000054","089-1000023","118","AIS","118.0","9.24","Wednesday","20150931"
"089-1000054","089-1000077","67","AIS","67.0","7.43","Saturday","20150902"
"089-1000054","089-1000010","67","AIS","787.0","17.41","Friday","20150926"
"089-1000054","089-1000071","288","AIS","288.0","3.44","Saturday","20150904"
"089-1000054","089-1000010","167","AIS","167.0","1.54","Wednesday","20150930"
"089-1000054","089-1000025","299","AIS","299.0","19.27","Sunday","20150928"
"089-1000054","089-1000091","164","AIS","164.0","18.24","Friday","20150931"
"089-1000054","089-1000032","321","AIS","321.0","19.59","Saturday","20150912"
"089-1000054","089-1000084","259","AIS","259.0","15.21","Monday","20150909"
"089-1000054","089-1000021","458","AIS","458.0","0.23","Thursday","20150901"
"089-1000054","089-1000055","590","AIS","590.0","15.44","Sunday","20150925"
"089-1000054","089-1000066","22","AIS","22.0","23.19","Monday","20150905"
"089-1000054","089-1000009","303","AIS","303.0","15.42","Thursday","20150907"
"089-1000054","089-1000095","422","AIS","422.0","12.32","Monday","20150921"
"089-1000099","089-1000007","583","AIS","583.0","4.45","Tuesday","20150926"
"089-1000099","089-1000048","150","AIS","150.0","4.27","Saturday","20150927"
"089-1000099","089-1000042","385","AIS","385.0","2.12","Monday","20150925"
"089-1000099","089-1000015","131","AIS","131.0","17.59","Monday","20150906"
"089-1000099","089-1000029","70","AIS","70.0","22.53","Saturday","20150918"
"089-1000003","089-1000068","204","AIS","204.0","9.38","Wednesday","20150911"
"089-1000003","089-1000099","377","AIS","377.0","0.48","Wednesday","20150925"
"089-1000003","089-1000008","554","AIS","554.0","15.18","Sunday","20150925"
"089-1000003","089-1000100","278","AIS","278.0","14.17","Saturday","20150918"
"089-1000003","089-1000036","500","AIS","500.0","3.27","Monday","20150905"
"089-1000003","089-1000060","373","AIS","373.0","13.2","Friday","20150909"
"089-1000003","089-1000081","45","AIS","1005.0","6.2","Tuesday","20150912"
"089-1000003","089-1000081","189","AIS","189.0","7.4","Friday","20150918"
"089-1000003","089-1000084","430","AIS","430.0","14.42","Friday","20150911"
"089-1000003","089-1000038","585","AIS","585.0","14.23","Monday","20150930"
"089-1000003","089-1000079","283","AIS","283.0","21.5","Wednesday","20150922"
"089-1000003","089-1000026","180","AIS","180.0","16.13","Tuesday","20150901"
"089-1000003","089-1000053","275","AIS","275.0","1.32","Wednesday","20150921"
"089-1000003","089-1000052","218","AIS","218.0","20.55","Monday","20150917"
"089-1000095","089-1000066","248","AIS","1928.0","3.55","Friday","20150926"
"089-1000095","089-1000073","210","AIS","930.0","18.15","Wednesday","20150917"
"089-1000095","089-1000000","229","AIS","229.0","12.51","Saturday","20150930"
"089-1000095","089-1000035","293","AIS","293.0","13.54","Wednesday","20150915"
"089-1000095","089-1000092","297","AIS","1497.0","19.37","Monday","20150918"
"089-1000095","089-1000083","392","AIS","392.0","7.41","Thursday","20150926"
"089-1000095","089-1000012","283","AIS","283.0","23.16","Friday","20150914"
"089-1000095","089-1000071","503","AIS","503.0","11.42","Monday","20150920"
"089-1000095","089-1000092","297","AIS","297.0","18.26","Saturday","20150931"
"089-1000095","089-1000010","24","AIS","24.0","1.31","Tuesday","20150916"
"089-1000095","089-1000054","172","AIS","172.0","5.22","Thursday","20150907"
"089-1000095","089-1000018","188","AIS","188.0","8.25","Wednesday","20150907"
"089-1000095","089-1000053","300","AIS","300.0","21.28","Saturday","20150908"
"089-1000095","089-1000073","128","AIS","128.0","20.36","Sunday","20150910"
"089-1000095","089-1000096","105","AIS","105.0","19.33","Tuesday","20150928"
"089-1000095","089-1000066","389","AIS","389.0","8.24","Thursday","20150921"
"089-1000073","089-1000003","365","AIS","365.0","0.1","Sunday","20150917"
"089-1000073","089-1000056","346","AIS","346.0","1.47","Saturday","20150927"
"089-1000073","089-1000070","177","AIS","177.0","2.1","Wednesday","20150907"
"089-1000073","089-1000048","590","AIS","590.0","12.12","Monday","20150922"
"089-1000073","089-1000007","244","AIS","1204.0","17.52","Sunday","20150908"
"089-1000073","089-1000047","590","AIS","590.0","23.24","Friday","20150911"
"089-1000073","089-1000019","129","AIS","129.0","5.24","Thursday","20150925"
"089-1000073","089-1000007","53","AIS","53.0","3.25","Thursday","20150920"
"089-1000073","089-1000025","220","AIS","220.0","14.56","Saturday","20150924"
"089-1000073","089-1000007","168","AIS","168.0","11.3","Thursday","20150917"
"089-1000081","089-1000004","94","AIS","94.0","2.51","Saturday","20150910"
"089-1000081","089-1000054","151","AIS","151.0","15.47","Thursday","20150916"
"089-1000081","089-1000055","453","AIS","453.0","11.5","Monday","20150920"
"089-1000081","089-1000014","506","AIS","506.0","20.19","Saturday","20150901"
"089-1000081","089-1000053","294","AIS","294.0","13.24","Wednesday","20150931"
"089-1000081","089-1000075","464","AIS","464.0","19.13","Friday","20150910"
"089-1000081","089-1000034","353","AIS","353.0","7.37","Tuesday","20150902"
"089-1000081","089-1000088","389","AIS","389.0","22.44","Tuesday","20150904"
"089-1000081","089-1000062","531","AIS","531.0","20.41","Sunday","20150910"
"089-1000081","089-1000008","198","AIS","198.0","11.14","Thursday","20150906"
"089-1000081","089-1000026","272","AIS","272.0","17.28","Friday","20150910"
"089-1000008","089-1000070","31","AIS","31.0","8.2","Wednesday","20150923"
"089-1000008","089-1000086","463","AIS","463.0","0.19","Thursday","20150929"
"089-1000008","089-1000069","447","AIS","447.0","22.38","Sunday","20150910"
"089-1000008","089-1000051","111","AIS","111.0","1.45","Wednesday","20150908"
"089-1000008","089-1000071","100","AIS","100.0","11.19","Friday","20150904"
"089-1000008","089-1000034","473","AIS","473.0","14.37","Tuesday","20150917"
"089-1000008","089-1000067","254","AIS","254.0","23.13","Tuesday","20150924"
"089-1000008","089-1000057","568","AIS","568.0","23.59","Sunday","20150908"
"089-1000008","089-1000001","398","AIS","398.0","2.59","Thursday","20150922"
"089-1000048","089-1000096","502","AIS","1702.0","3.58","Monday","20150925"
"089-1000048","089-1000096","275","AIS","275.0","5.14","Tuesday","20150910"
"089-1000048","089-1000087","273","AIS","273.0","22.27","Thursday","20150902"
"089-1000048","089-1000066","77","AIS","77.0","9.25","Sunday","20150928"
"089-1000048","089-1000091","420","AIS","420.0","17.59","Sunday","20150923"
"089-1000048","089-1000033","86","AIS","86.0","15.42","Monday","20150905"
"089-1000048","089-1000022","556","AIS","556.0","10.2","Monday","20150923"
"089-1000048","089-1000084","597","AIS","597.0","10.35","Thursday","20150902"
"089-1000048","089-1000060","398","AIS","398.0","19.45","Wednesday","20150930"
"089-1000048","089-1000051","432","AIS","432.0","11.1","Saturday","20150908"
"089-1000048","089-1000078","282","AIS","282.0","10.24","Wednesday","20150917"
"089-1000048","089-1000089","259","AIS","259.0","22.39","Tuesday","20150909"
"089-1000048","089-1000053","341","AIS","341.0","15.12","Friday","20150926"
"089-1000052","089-1000095","80","AIS","80.0","15.31","Friday","20150922"
"089-1000052","089-1000044","150","AIS","150.0","9.13","Thursday","20150905"
"089-1000052","089-1000055","165","AIS","165.0","14.25","Sunday","20150923"
"089-1000052","089-1000037","484","AIS","484.0","7.39","Friday","20150923"
"089-1000052","089-1000007","327","AIS","327.0","5.23","Tuesday","20150909"
"089-1000052","089-1000061","544","AIS","544.0","9.31","Thursday","20150901"
"089-1000052","089-1000006","308","AIS","308.0","10.37","Monday","20150912"
"089-1000052","089-1000065","474","AIS","474.0","15.57","Monday","20150901"
"089-1000052","089-1000020","17","AIS","17.0","6.31","Thursday","20150922"
"089-1000052","089-1000077","277","AIS","277.0","9.59","Sunday","20150923"
"089-1000052","089-1000021","527","AIS","527.0","3.12","Saturday","20150910"
"089-1000052","089-1000099","561","AIS","561.0","20.22","Sunday","20150920"
"089-1000052","089-1000004","508","AIS","508.0","21.14","Thursday","20150912"
"089-1000052","089-1000081","69","AIS","69.0","3.44","Saturday","20150922"
"089-1000091","089-1000044","427","AIS","427.0","0.19","Monday","20150924"
"089-1000091","089-1000009","42","AIS","42.0","4.23","Tuesday","20150930"
"089-1000091","089-1000100","205","AIS","205.0","5.38","Sunday","20150916"
"089-1000091","089-1000065","22","AIS","22.0","23.32","Wednesday","20150920"
"089-1000091","089-1000076","83","AIS","83.0","0.3","Tuesday","20150913"
"089-1000091","089-1000072","389","AIS","389.0","8.12","Sunday","20150902"
"089-1000091","089-1000023","116","AIS","116.0","13.45","Friday","20150907"
"089-1000091","089-1000027","19","AIS","19.0","14.5","Saturday","20150922"
"089-1000091","089-1000089","191","AIS","191.0","12.47","Sunday","20150924"
"089-1000091","089-1000050","571","AIS","571.0","17.57","Wednesday","20150901"
"089-1000091","089-1000002","472","AIS","472.0","4.13","Thursday","20150909"
"089-1000091","089-1000069","21","AIS","21.0","19.17","Sunday","20150916"
"089-1000077","089-1000081","262","AIS","262.0","15.58","Sunday","20150905"
"089-1000077","089-1000094","220","AIS","220.0","13.3","Tuesday","20150924"
"089-1000077","089-1000065","520","AIS","520.0","13.54","Saturday","20150918"
"089-1000077","089-1000031","211","AIS","211.0","21.2","Monday","20150909"
"089-1000077","089-1000092","136","AIS","136.0","23.43","Wednesday","20150906"
"089-1000077","089-1000080","415","AIS","415.0","14.23","Thursday","20150924"
"089-1000077","089-1000009","484","AIS","484.0","13.22","Saturday","20150908"
"089-1000077","089-1000035","431","AIS","431.0","3.11","Saturday","20150915"
"089-1000009","089-1000069","219","AIS","219.0","13.13","Sunday","20150904"
"089-1000009","089-1000052","369","AIS","369.0","5.42","Friday","20150910"
"089-1000009","089-1000077","358","AIS","358.0","17.33","Thursday","20150908"
"089-1000009","089-1000061","596","AIS","596.0","11.18","Friday","20150911"
"089-1000009","089-1000068","477","AIS","477.0","2.35","Tuesday","20150921"
"089-1000009","089-1000039","504","AIS","504.0","13.33","Sunday","20150913"
"089-1000009","089-1000095","122","AIS","1322.0","11.39","Wednesday","20150911"
"089-1000009","089-1000082","96","AIS","96.0","9.4","Saturday","20150921"
"089-1000009","089-1000021","165","AIS","165.0","19.56","Saturday","20150909"
"089-1000009","089-1000095","293","AIS","293.0","17.59","Saturday","20150928"
"089-1000009","089-1000048","138","AIS","138.0","21.14","Thursday","20150901"
"089-1000027","089-1000050","314","AIS","314.0","9.31","Wednesday","20150922"
"089-1000027","089-1000047","85","AIS","2245.0","23.4","Monday","20150920"
"089-1000027","089-1000085","473","AIS","473.0","15.32","Sunday","20150905"
"089-1000027","089-1000070","427","AIS","427.0","3.46","Monday","20150912"
"089-1000027","089-1000026","575","AIS","575.0","8.37","Tuesday","20150917"
"089-1000027","089-1000013","542","AIS","542.0","3.51","Friday","20150912"
"089-1000027","089-1000058","537","AIS","537.0","8.42","Monday","20150905"
"089-1000027","089-1000047","534","AIS","534.0","4.29","Saturday","20150929"
"089-1000027","089-1000002","49","AIS","49.0","18.31","Thursday","20150909"
"089-1000027","089-1000091","139","AIS","139.0","4.34","Saturday","20150931"
"089-1000012","089-1000017","300","AIS","300.0","1.27","Friday","20150931"
"089-1000012","089-1000099","404","AIS","404.0","12.51","Friday","20150922"
"089-1000012","089-1000022","228","AIS","228.0","21.46","Friday","20150927"
"089-1000012","089-1000019","559","AIS","559.0","12.4","Friday","20150920"
"089-1000012","089-1000097","415","AIS","415.0","5.5","Sunday","20150921"
"089-1000012","089-1000071","450","AIS","450.0","0.38","Sunday","20150901"
"089-1000012","089-1000032","287","AIS","287.0","0.32","Tuesday","20150908"
"089-1000012","089-1000043","187","AIS","187.0","7.31","Monday","20150911"
"089-1000012","089-1000011","439","AIS","439.0","22.33","Monday","20150908"
"089-1000012","089-1000066","191","AIS","191.0","3.36","Wednesday","20150918"
"089-1000012","089-1000050","399","AIS","399.0","14.44","Friday","20150919"
"089-1000066","089-1000082","143","AIS","143.0","14.25","Monday","20150926"
"089-1000066","089-1000093","254","AIS","734.0","16.38","Wednesday","20150915"
"089-1000066","089-1000055","278","AIS","278.0","2.23","Sunday","20150927"
"089-1000066","089-1000056","59","AIS","1739.0","18.2","Thursday","20150930"
"089-1000066","089-1000093","103","AIS","103.0","7.25","Tuesday","20150914"
"089-1000066","089-1000056","400","AIS","400.0","20.46","Wednesday","20150908"
"089-1000066","089-1000015","320","AIS","320.0","16.53","Saturday","20150925"
"089-1000066","089-1000058","298","AIS","298.0","23.59","Monday","20150909"
"089-1000066","089-1000060","562","AIS","562.0","3.36","Saturday","20150930"
"089-1000066","089-1000030","63","AIS","63.0","9.41","Friday","20150915"
"089-1000066","089-1000005","574","AIS","574.0","16.49","Saturday","20150909"
"089-1000066","089-1000006","157","AIS","157.0","19.28","Tuesday","20150927"
"089-1000066","089-1000074","391","AIS","391.0","8.3","Wednesday","20150916"
"089-1000043","089-1000005","70","AIS","70.0","6.16","Thursday","20150907"
"089-1000043","089-1000073","47","AIS","47.0","20.49","Friday","20150928"
"089-1000043","089-1000040","384","AIS","384.0","14.39","Monday","20150925"
"089-1000043","089-1000002","336","AIS","336.0","13.51","Wednesday","20150925"
"089-1000043","089-1000012","466","AIS","466.0","23.58","Friday","20150910"
"089-1000043","089-1000044","141","AIS","141.0","15.19","Monday","20150929"
"089-1000043","089-1000097","443","AIS","443.0","1.24","Wednesday","20150931"
"089-1000043","089-1000014","17","AIS","17.0","14.25","Wednesday","20150920"
"089-1000043","089-1000075","277","AIS","277.0","10.21","Monday","20150910"
"089-1000043","089-1000071","64","AIS","64.0","21.55","Monday","20150924"
"089-1000043","089-1000091","348","AIS","348.0","18.49","Monday","20150917"
"089-1000063","089-1000060","362","AIS","362.0","11.54","Sunday","20150918"
"089-1000063","089-1000039","514","AIS","514.0","7.47","Monday","20150919"
"089-1000063","089-1000030","414","AIS","414.0","11.24","Wednesday","20150915"
"089-1000063","089-1000097","280","AIS","280.0","20.43","Thursday","20150918"
"089-1000063","089-1000062","194","AIS","194.0","21.41","Monday","20150921"
"089-1000063","089-1000100","330","AIS","330.0","6.32","Saturday","20150920"
"089-1000063","089-1000043","69","AIS","69.0","0.27","Friday","20150915"
"089-1000063","089-1000089","251","AIS","251.0","19.12","Tuesday","20150919"
"089-1000063","089-1000004","14","AIS","14.0","23.24","Wednesday","20150923"
"089-1000063","089-1000051","382","AIS","382.0","6.32","Saturday","20150929"
"089-1000021","089-1000051","169","AIS","4969.0","13.52","Saturday","20150905"
"089-1000021","089-1000051","582","AIS","582.0","4.29","Wednesday","20150914"
"089-1000021","089-1000040","184","AIS","184.0","1.15","Thursday","20150902"
"089-1000021","089-1000050","123","AIS","123.0","18.29","Monday","20150929"
"089-1000021","089-1000020","411","AIS","411.0","1.25","Thursday","20150929"
"089-1000021","089-1000053","428","AIS","428.0","17.32","Thursday","20150910"
"089-1000021","089-1000086","409","AIS","409.0","7.53","Saturday","20150918"
"089-1000021","089-1000051","556","AIS","556.0","22.36","Monday","20150914"
"089-1000021","089-1000045","258","AIS","258.0","21.3","Tuesday","20150916"
"089-1000021","089-1000039","420","AIS","420.0","0.28","Wednesday","20150926"
"089-1000021","089-1000091","358","AIS","358.0","23.36","Monday","20150917"
"089-1000007","089-1000049","409","AIS","409.0","14.41","Thursday","20150903"
"089-1000007","089-1000084","565","AIS","565.0","9.36","Friday","20150909"
"089-1000007","089-1000087","433","AIS","433.0","0.11","Tuesday","20150915"
"089-1000007","089-1000028","588","AIS","588.0","4.13","Monday","20150926"
"089-1000007","089-1000000","374","AIS","374.0","18.29","Thursday","20150902"
"089-1000007","089-1000037","469","AIS","469.0","1.41","Saturday","20150918"
"089-1000007","089-1000042","481","AIS","481.0","10.44","Tuesday","20150913"
"089-1000007","089-1000035","148","AIS","148.0","3.46","Monday","20150930"
"089-1000007","089-1000005","182","AIS","182.0","3.51","Wednesday","20150928"
"089-1000005","089-1000029","248","AIS","248.0","22.36","Sunday","20150910"
"089-1000005","089-1000095","224","AIS","224.0","6.49","Thursday","20150931"
"089-1000005","089-1000019","182","AIS","182.0","0.21","Saturday","20150920"
"089-1000005","089-1000072","217","AIS","217.0","23.34","Tuesday","20150908"
"089-1000005","089-1000048","445","AIS","445.0","13.54","Thursday","20150923"
"089-1000005","089-1000069","448","AIS","448.0","7.13","Wednesday","20150918"
"089-1000005","089-1000080","316","AIS","316.0","10.48","Thursday","20150905"
"089-1000005","089-1000075","446","AIS","446.0","3.39","Thursday","20150906"
"089-1000005","089-1000077","458","AIS","458.0","2.4","Friday","20150915"
"089-1000005","089-1000055","279","AIS","279.0","19.37","Sunday","20150914"
"089-1000005","089-1000066","555","AIS","555.0","16.13","Thursday","20150912"
"089-1000093","089-1000055","506","AIS","506.0","17.51","Wednesday","20150907"
"089-1000093","089-1000025","214","AIS","214.0","0.26","Tuesday","20150919"
"089-1000093","089-1000067","435","AIS","2355.0","16.55","Saturday","20150910"
"089-1000093","089-1000059","14","AIS","14.0","13.21","Saturday","20150906"
"089-1000093","089-1000066","176","AIS","176.0","2.13","Thursday","20150905"
"089-1000093","089-1000047","162","AIS","162.0","20.32","Saturday","20150927"
"089-1000093","089-1000060","239","AIS","239.0","10.12","Thursday","20150911"
"089-1000093","089-1000030","398","AIS","398.0","10.15","Sunday","20150904"
"089-1000093","089-1000038","591","AIS","591.0","6.45","Friday","20150916"
"089-1000093","089-1000040","561","AIS","561.0","11.14","Tuesday","20150919"
"089-1000093","089-1000067","465","AIS","465.0","6.21","Thursday","20150901"
"089-1000093","089-1000057","55","AIS","55.0","14.3","Thursday","20150904"
"089-1000057","089-1000060","300","AIS","300.0","13.21","Thursday","20150922"
"089-1000057","089-1000073","185","AIS","185.0","2.23","Wednesday","20150903"
"089-1000057","089-1000080","106","AIS","106.0","19.47","Tuesday","20150924"
"089-1000057","089-1000087","512","AIS","512.0","18.18","Sunday","20150909"
"089-1000057","089-1000082","588","AIS","588.0","17.47","Friday","20150916"
"089-1000057","089-1000090","334","AIS","334.0","20.35","Friday","20150925"
"089-1000057","089-1000085","35","AIS","35.0","3.44","Sunday","20150905"
"089-1000057","089-1000052","228","AIS","228.0","6.45","Monday","20150920"
"089-1000057","089-1000051","221","AIS","221.0","15.19","Saturday","20150930"
"089-1000019","089-1000025","187","AIS","187.0","2.44","Sunday","20150921"
"089-1000019","089-1000075","565","AIS","565.0","11.51","Monday","20150919"
"089-1000019","089-1000079","309","AIS","309.0","22.27","Sunday","20150926"
"089-1000019","089-1000027","217","AIS","217.0","20.33","Wednesday","20150921"
"089-1000019","089-1000080","487","AIS","487.0","1.23","Friday","20150912"
"089-1000019","089-1000068","554","AIS","554.0","15.58","Monday","20150930"
"089-1000019","089-1000061","537","AIS","537.0","4.15","Wednesday","20150903"
"089-1000019","089-1000082","96","AIS","96.0","21.53","Saturday","20150911"
"089-1000019","089-1000028","178","AIS","178.0","9.42","Wednesday","20150901"
"089-1000061","089-1000073","499","AIS","499.0","1.35","Saturday","20150925"
"089-1000061","089-1000001","296","AIS","296.0","15.12","Wednesday","20150927"
"089-1000061","089-1000089","181","AIS","181.0","14.44","Friday","20150902"
"089-1000061","089-1000050","593","AIS","593.0","21.41","Thursday","20150902"
"089-1000061","089-1000091","18","AIS","18.0","15.55","Wednesday","20150906"
"089-1000061","089-1000042","528","AIS","528.0","16.48","Thursday","20150904"
"089-1000061","089-1000058","19","AIS","19.0","22.43","Wednesday","20150908"
"089-1000061","089-1000052","183","AIS","183.0","21.53","Friday","20150906"
"089-1000061","089-1000071","562","AIS","562.0","14.42","Sunday","20150916"
"089-1000069","089-1000034","28","AIS","28.0","9.19","Monday","20150923"
"089-1000069","089-1000056","383","AIS","383.0","13.24","Saturday","20150910"
"089-1000069","089-1000081","515","AIS","515.0","19.24","Saturday","20150909"
"089-1000069","089-1000020","22","AIS","22.0","2.13","Wednesday","20150918"
"089-1000069","089-1000063","108","AIS","108.0","2.46","Sunday","20150911"
"089-1000069","089-1000054","550","AIS","550.0","18.41","Sunday","20150910"
"089-1000069","089-1000051","579","AIS","579.0","6.47","Wednesday","20150905"
"089-1000069","089-1000037","167","AIS","167.0","9.45","Wednesday","20150901"
"089-1000069","089-1000009","561","AIS","561.0","8.18","Tuesday","20150910"
"089-1000078","089-1000098","321","AIS","321.0","4.16","Sunday","20150929"
"089-1000078","089-1000091","598","AIS","598.0","9.45","Thursday","20150918"
"089-1000078","089-1000100","52","AIS","52.0","10.17","Thursday","20150905"
"089-1000078","089-1000051","422","AIS","422.0","12.32","Sunday","20150929"
"089-1000078","089-1000005","581","AIS","581.0","7.59","Monday","20150905"
"089-1000078","089-1000008","446","AIS","926.0","1.38","Saturday","20150923"
"089-1000078","089-1000008","101","AIS","101.0","11.3","Wednesday","20150917"
"089-1000078","089-1000066","154","AIS","154.0","20.32","Saturday","20150925"
"089-1000078","089-1000039","13","AIS","13.0","4.16","Monday","20150908"
"089-1000072","089-1000044","91","AIS","91.0","12.45","Saturday","20150903"
"089-1000072","089-1000050","309","AIS","309.0","2.34","Thursday","20150922"
"089-1000072","089-1000096","267","AIS","267.0","19.15","Wednesday","20150902"
"089-1000072","089-1000038","87","AIS","1287.0","2.25","Tuesday","20150927"
"089-1000072","089-1000038","274","AIS","274.0","5.3","Tuesday","20150922"
"089-1000072","089-1000011","478","AIS","478.0","13.42","Thursday","20150921"
"089-1000072","089-1000082","325","AIS","325.0","9.53","Wednesday","20150902"
"089-1000046","089-1000034","549","AIS","549.0","19.54","Wednesday","20150908"
"089-1000046","089-1000046","539","AIS","1079.0","8.24","Monday","20150925"
"089-1000046","089-1000043","118","AIS","118.0","21.57","Thursday","20150931"
"089-1000046","089-1000066","296","AIS","296.0","9.28","Monday","20150906"
"089-1000046","089-1000012","553","AIS","553.0","22.3","Tuesday","20150921"
"089-1000067","089-1000072","443","AIS","443.0","1.49","Monday","20150924"
"089-1000067","089-1000093","79","AIS","79.0","19.45","Friday","20150918"
"089-1000067","089-1000041","46","AIS","46.0","20.3","Thursday","20150929"
"089-1000067","089-1000000","392","AIS","392.0","16.41","Wednesday","20150918"
"089-1000067","089-1000023","465","AIS","465.0","2.49","Friday","20150919"
"089-1000002","089-1000044","194","AIS","194.0","15.31","Monday","20150922"
"089-1000002","089-1000078","409","AIS","409.0","17.15","Tuesday","20150931"
"089-1000002","089-1000008","208","AIS","208.0","0.42","Saturday","20150931"
"089-1000002","089-1000039","599","AIS","599.0","9.5","Saturday","20150920"
"089-1000002","089-1000022","279","AIS","279.0","13.58","Friday","20150929"
"089-1000002","089-1000086","123","AIS","363.0","2.29","Thursday","20150930"
"089-1000002","089-1000086","26","AIS","26.0","11.48","Tuesday","20150910"
"089-1000002","089-1000051","318","AIS","318.0","2.21","Saturday","20150902"
"089-1000002","089-1000093","346","AIS","346.0","19.24","Friday","20150928"
"089-1000002","089-1000049","200","AIS","200.0","23.56","Sunday","20150927"
"089-1000002","089-1000092","182","AIS","182.0","13.17","Wednesday","20150921"
"089-1000064","089-1000028","161","AIS","161.0","1.26","Wednesday","20150918"
"089-1000064","089-1000092","452","AIS","452.0","12.2","Friday","20150931"
"089-1000064","089-1000072","61","AIS","61.0","3.16","Thursday","20150907"
"089-1000064","089-1000025","444","AIS","444.0","17.45","Friday","20150905"
"089-1000064","089-1000097","430","AIS","430.0","12.39","Tuesday","20150927"
"089-1000064","089-1000041","479","AIS","479.0","17.17","Sunday","20150921"
"089-1000064","089-1000065","581","AIS","581.0","19.29","Monday","20150910"
"089-1000064","089-1000062","348","AIS","588.0","7.46","Monday","20150915"
"089-1000064","089-1000091","121","AIS","121.0","14.57","Monday","20150907"
"089-1000064","089-1000006","588","AIS","588.0","19.52","Tuesday","20150930"
"089-1000064","089-1000067","423","AIS","423.0","22.28","Sunday","20150912"
"089-1000064","089-1000026","157","AIS","157.0","3.41","Wednesday","20150903"
"089-1000064","089-1000087","472","AIS","472.0","11.28","Wednesday","20150909"
"089-1000064","089-1000098","22","AIS","22.0","0.37","Thursday","20150911"
"089-1000064","089-1000062","10","AIS","10.0","0.36","Saturday","20150922"
"089-1000029","089-1000099","311","AIS","311.0","4.57","Wednesday","20150930"
"089-1000029","089-1000002","304","AIS","304.0","8.46","Tuesday","20150922"
"089-1000029","089-1000075","333","AIS","333.0","8.56","Tuesday","20150926"
"089-1000029","089-1000026","448","AIS","448.0","17.13","Tuesday","20150916"
"089-1000029","089-1000015","388","AIS","388.0","7.25","Friday","20150919"
"089-1000029","089-1000071","151","AIS","151.0","18.56","Friday","20150917"
"089-1000098","089-1000019","359","AIS","359.0","23.23","Sunday","20150927"
"089-1000098","089-1000010","544","AIS","544.0","12.14","Wednesday","20150909"
"089-1000098","089-1000008","433","AIS","2833.0","1.32","Sunday","20150906"
"089-1000098","089-1000002","479","AIS","479.0","3.21","Tuesday","20150901"
"089-1000098","089-1000035","56","AIS","56.0","10.21","Friday","20150921"
"089-1000098","089-1000005","234","AIS","234.0","19.22","Monday","20150910"
"089-1000098","089-1000043","583","AIS","583.0","1.39","Tuesday","20150909"
"089-1000098","089-1000008","592","AIS","592.0","8.17","Thursday","20150908"
"089-1000098","089-1000054","459","AIS","459.0","2.25","Monday","20150901"
"089-1000098","089-1000027","333","AIS","333.0","5.15","Thursday","20150923"
"089-1000098","089-1000066","228","AIS","228.0","12.39","Monday","20150917"
"089-1000040","089-1000045","267","AIS","267.0","16.17","Tuesday","20150920"
"089-1000040","089-1000021","154","AIS","154.0","0.3","Saturday","20150915"
"089-1000040","089-1000064","179","AIS","179.0","3.41","Tuesday","20150911"
"089-1000040","089-1000037","274","AIS","274.0","3.2","Saturday","20150931"
"089-1000040","089-1000027","167","AIS","167.0","5.15","Monday","20150903"
"089-1000040","089-1000006","260","AIS","260.0","16.14","Saturday","20150912"
"089-1000040","089-1000017","149","AIS","149.0","8.39","Monday","20150921"
"089-1000040","089-1000062","199","AIS","199.0","11.45","Sunday","20150927"
"089-1000040","089-1000061","372","AIS","372.0","11.57","Thursday","20150919"
"089-1000001","089-1000029","92","AIS","92.0","5.43","Sunday","20150917"
"089-1000001","089-1000023","143","AIS","143.0","13.43","Thursday","20150910"
"089-1000001","089-1000082","451","AIS","451.0","21.57","Thursday","20150908"
"089-1000001","089-1000065","461","AIS","461.0","1.54","Sunday","20150913"
"089-1000001","089-1000058","496","AIS","496.0","12.38","Thursday","20150931"
"089-1000001","089-1000028","442","AIS","442.0","6.37","Thursday","20150923"
"089-1000001","089-1000095","115","AIS","115.0","0.55","Wednesday","20150911"
"089-1000070","089-1000033","306","AIS","306.0","18.24","Tuesday","20150920"
"089-1000070","089-1000015","14","AIS","14.0","20.31","Tuesday","20150902"
"089-1000070","089-1000096","258","AIS","738.0","22.42","Thursday","20150910"
"089-1000070","089-1000075","146","AIS","146.0","17.25","Sunday","20150914"
"089-1000070","089-1000010","203","AIS","203.0","12.25","Wednesday","20150913"
"089-1000070","089-1000096","86","AIS","86.0","8.33","Tuesday","20150902"
"089-1000070","089-1000035","75","AIS","75.0","14.26","Monday","20150903"
"089-1000051","089-1000022","452","AIS","452.0","10.11","Sunday","20150910"
"089-1000051","089-1000055","264","AIS","264.0","13.38","Saturday","20150907"
"089-1000051","089-1000048","500","AIS","500.0","20.32","Friday","20150929"
"089-1000051","089-1000003","429","AIS","429.0","7.51","Friday","20150925"
"089-1000051","089-1000042","135","AIS","135.0","22.4","Wednesday","20150930"
"089-1000051","089-1000013","266","AIS","266.0","2.26","Tuesday","20150918"
"089-1000051","089-1000088","113","AIS","113.0","15.3","Thursday","20150917"
"089-1000051","089-1000026","563","AIS","563.0","7.37","Monday","20150907"
"089-1000051","089-1000071","343","AIS","343.0","14.19","Friday","20150907"
"089-1000051","089-1000011","173","AIS","173.0","14.15","Thursday","20150915"
"089-1000051","089-1000024","405","AIS","405.0","21.11","Sunday","20150905"
"089-1000051","089-1000008","372","AIS","372.0","15.1","Wednesday","20150905"
"089-1000051","089-1000099","235","AIS","235.0","7.1","Friday","20150907"
"089-1000075","089-1000000","530","AIS","2690.0","5.55","Monday","20150907"
"089-1000075","089-1000026","167","AIS","167.0","4.19","Saturday","20150931"
"089-1000075","089-1000031","248","AIS","248.0","23.16","Saturday","20150902"
"089-1000075","089-1000060","141","AIS","141.0","13.32","Monday","20150905"
"089-1000075","089-1000002","520","AIS","520.0","2.3","Saturday","20150918"
"089-1000075","089-1000100","295","AIS","295.0","8.24","Monday","20150905"
"089-1000075","089-1000000","405","AIS","405.0","9.23","Thursday","20150916"
"089-1000075","089-1000039","391","AIS","391.0","2.59","Thursday","20150917"
"089-1000075","089-1000004","250","AIS","250.0","6.58","Wednesday","20150930"
"089-1000075","089-1000000","92","AIS","92.0","4.41","Wednesday","20150902"
"089-1000075","089-1000014","193","AIS","193.0","16.43","Monday","20150905"
"089-1000013","089-1000031","164","AIS","164.0","3.17","Wednesday","20150904"
"089-1000013","089-1000006","148","AIS","148.0","3.12","Sunday","20150928"
"089-1000013","089-1000074","187","AIS","187.0","12.49","Saturday","20150909"
"089-1000013","089-1000077","458","AIS","458.0","13.27","Tuesday","20150926"
"089-1000013","089-1000081","154","AIS","154.0","2.59","Sunday","20150916"
"089-1000013","089-1000038","177","AIS","177.0","20.42","Monday","20150921"
"089-1000013","089-1000021","486","AIS","486.0","3.16","Saturday","20150920"
"089-1000013","089-1000079","39","AIS","39.0","9.1","Thursday","20150912"
"089-1000096","089-1000001","424","AIS","424.0","3.22","Friday","20150923"
"089-1000096","089-1000089","160","AIS","160.0","2.16","Friday","20150917"
"089-1000096","089-1000067","38","AIS","38.0","21.14","Saturday","20150918"
"089-1000096","089-1000069","133","AIS","133.0","22.33","Monday","20150912"
"089-1000096","089-1000014","45","AIS","45.0","7.54","Monday","20150923"
"089-1000096","089-1000095","232","AIS","232.0","17.3","Monday","20150918"
"089-1000096","089-1000050","490","AIS","490.0","21.58","Wednesday","20150926"
"089-1000096","089-1000030","41","AIS","41.0","3.59","Friday","20150907"
"089-1000050","089-1000096","119","AIS","119.0","7.27","Monday","20150909"
"089-1000050","089-1000067","63","AIS","63.0","22.49","Saturday","20150916"
"089-1000050","089-1000093","470","AIS","470.0","3.18","Sunday","20150908"
"089-1000050","089-1000005","22","AIS","22.0","20.11","Wednesday","20150926"
"089-1000050","089-1000097","29","AIS","29.0","7.21","Thursday","20150909"
"089-1000050","089-1000026","351","AIS","351.0","18.42","Tuesday","20150924"
"089-1000050","089-1000037","146","AIS","146.0","23.59","Tuesday","20150908"
"089-1000050","089-1000055","206","AIS","206.0","3.41","Wednesday","20150925"
"089-1000050","089-1000058","554","AIS","554.0","6.15","Thursday","20150926"
"089-1000050","089-1000016","159","AIS","159.0","23.25","Monday","20150929"
"089-1000074","089-1000050","403","AIS","403.0","5.36","Wednesday","20150910"
"089-1000074","089-1000045","464","AIS","464.0","8.16","Tuesday","20150910"
"089-1000074","089-1000080","217","AIS","217.0","7.49","Sunday","20150929"
"089-1000074","089-1000017","279","AIS","279.0","8.4","Saturday","20150912"
"089-1000074","089-1000092","201","AIS","201.0","15.43","Friday","20150928"
"089-1000074","089-1000038","185","AIS","185.0","15.54","Thursday","20150922"
"089-1000074","089-1000086","473","AIS","473.0","16.17","Thursday","20150919"
"089-1000033","089-1000088","561","AIS","561.0","3.48","Tuesday","20150917"
"089-1000033","089-1000076","350","AIS","350.0","12.26","Tuesday","20150914"
"089-1000033","089-1000074","471","AIS","471.0","13.22","Monday","20150919"
"089-1000033","089-1000084","470","AIS","470.0","17.28","Wednesday","20150905"
"089-1000033","089-1000058","93","AIS","93.0","6.14","Tuesday","20150916"
"089-1000033","089-1000018","476","AIS","476.0","19.59","Thursday","20150929"
"089-1000033","089-1000060","237","AIS","237.0","3.58","Saturday","20150907"
"089-1000060","089-1000046","56","AIS","56.0","14.36","Monday","20150907"
"089-1000060","089-1000089","238","AIS","238.0","18.14","Monday","20150927"
"089-1000060","089-1000034","264","AIS","264.0","19.45","Sunday","20150913"
"089-1000060","089-1000027","428","AIS","428.0","13.18","Tuesday","20150917"
"089-1000060","089-1000053","582","AIS","582.0","12.44","Sunday","20150917"
"089-1000060","089-1000096","577","AIS","577.0","19.12","Sunday","20150912"
"089-1000060","089-1000032","21","AIS","21.0","16.23","Tuesday","20150910"
"089-1000060","089-1000099","257","AIS","1217.0","20.41","Sunday","20150906"
"089-1000060","089-1000099","233","AIS","233.0","16.58","Sunday","20150925"
"089-1000060","089-1000076","512","AIS","512.0","9.12","Thursday","20150922"
"089-1000060","089-1000075","484","AIS","484.0","10.26","Sunday","20150921"
"089-1000060","089-1000054","120","AIS","120.0","0.49","Monday","20150930"
"089-1000060","089-1000059","220","AIS","220.0","4.3","Tuesday","20150914"
"089-1000060","089-1000025","533","AIS","533.0","2.22","Thursday","20150901"
"089-1000088","089-1000051","393","AIS","393.0","17.23","Saturday","20150901"
"089-1000088","089-1000065","290","AIS","290.0","2.3","Friday","20150901"
"089-1000088","089-1000084","581","AIS","581.0","7.23","Friday","20150920"
"089-1000088","089-1000054","62","AIS","62.0","19.43","Monday","20150927"
"089-1000088","089-1000050","207","AIS","207.0","10.32","Sunday","20150915"
"089-1000088","089-1000027","50","AIS","50.0","15.47","Tuesday","20150929"
"089-1000088","089-1000100","125","AIS","125.0","15.39","Thursday","20150902"
"089-1000039","089-1000046","564","AIS","564.0","19.48","Thursday","20150921"
"089-1000039","089-1000024","441","AIS","441.0","20.12","Sunday","20150930"
"089-1000039","089-1000044","576","AIS","576.0","18.49","Saturday","20150905"
"089-1000010","089-1000010","281","AIS","581.0","0.3","Tuesday","20150913"
"089-1000010","089-1000064","552","AIS","552.0","9.33","Tuesday","20150930"
"089-1000010","089-1000092","423","AIS","423.0","22.23","Saturday","20150913"
"089-1000010","089-1000011","91","AIS","91.0","1.41","Thursday","20150916"
"089-1000010","089-1000025","229","AIS","229.0","18.34","Wednesday","20150924"
"089-1000010","089-1000028","273","AIS","273.0","11.54","Wednesday","20150913"
"089-1000010","089-1000042","460","AIS","460.0","10.24","Tuesday","20150925"
"089-1000018","089-1000006","531","AIS","531.0","1.26","Tuesday","20150924"
"089-1000018","089-1000049","231","AIS","951.0","4.58","Thursday","20150931"
"089-1000018","089-1000060","160","AIS","160.0","23.48","Monday","20150915"
"089-1000018","089-1000094","45","AIS","45.0","4.47","Wednesday","20150922"
"089-1000018","089-1000008","392","AIS","2792.0","16.29","Sunday","20150908"
"089-1000018","089-1000030","550","AIS","550.0","11.53","Saturday","20150921"
"089-1000018","089-1000005","589","AIS","589.0","7.2","Thursday","20150931"
"089-1000018","089-1000049","150","AIS","150.0","4.37","Tuesday","20150928"
"089-1000018","089-1000036","289","AIS","289.0","8.39","Wednesday","20150904"
"089-1000018","089-1000081","286","AIS","286.0","20.15","Monday","20150928"
"089-1000018","089-1000047","310","AIS","310.0","12.35","Tuesday","20150909"
"089-1000018","089-1000040","90","AIS","90.0","23.21","Monday","20150926"
"089-1000018","089-1000008","590","AIS","590.0","14.22","Monday","20150925"
"089-1000045","089-1000080","31","AIS","31.0","0.53","Thursday","20150907"
"089-1000045","089-1000073","13","AIS","13.0","19.27","Wednesday","20150930"
"089-1000045","089-1000087","211","AIS","211.0","16.37","Monday","20150931"
"089-1000045","089-1000055","241","AIS","241.0","17.44","Monday","20150913"
"089-1000045","089-1000041","155","AIS","155.0","6.51","Monday","20150913"
"089-1000045","089-1000077","396","AIS","396.0","19.46","Sunday","20150908"
"089-1000045","089-1000091","107","AIS","107.0","20.41","Sunday","20150913"
"089-1000045","089-1000060","504","AIS","1224.0","8.41","Monday","20150911"
"089-1000045","089-1000029","111","AIS","111.0","1.52","Sunday","20150913"
"089-1000045","089-1000048","188","AIS","188.0","5.55","Thursday","20150920"
"089-1000045","089-1000071","395","AIS","395.0","17.26","Wednesday","20150901"
"089-1000045","089-1000060","140","AIS","140.0","16.14","Saturday","20150917"
"089-1000045","089-1000037","117","AIS","117.0","9.22","Wednesday","20150905"
"089-1000032","089-1000097","212","AIS","1172.0","16.5","Tuesday","20150925"
"089-1000032","089-1000037","542","AIS","542.0","3.44","Monday","20150925"
"089-1000032","089-1000023","491","AIS","491.0","15.53","Monday","20150917"
"089-1000032","089-1000097","218","AIS","218.0","5.48","Saturday","20150909"
"089-1000032","089-1000007","278","AIS","278.0","17.49","Saturday","20150915"
"089-1000032","089-1000098","286","AIS","286.0","12.18","Monday","20150928"
"089-1000032","089-1000046","59","AIS","59.0","14.37","Tuesday","20150912"
"089-1000032","089-1000066","334","AIS","334.0","16.2","Wednesday","20150905"
"089-1000000","089-1000069","514","AIS","514.0","15.21","Thursday","20150904"
"089-1000000","089-1000082","582","AIS","582.0","5.44","Tuesday","20150909"
"089-1000000","089-1000094","342","AIS","342.0","10.11","Tuesday","20150902"
"089-1000000","089-1000012","18","AIS","18.0","17.22","Saturday","20150927"
"089-1000000","089-1000061","174","AIS","174.0","11.57","Sunday","20150915"
"089-1000000","089-1000018","139","AIS","139.0","17.5","Monday","20150913"
"089-1000083","089-1000002","171","AIS","171.0","22.57","Monday","20150931"
"089-1000083","089-1000049","14","AIS","14.0","0.11","Monday","20150931"
"089-1000083","089-1000087","170","AIS","170.0","6.42","Monday","20150915"
"089-1000083","089-1000035","272","AIS","272.0","12.11","Thursday","20150913"
"089-1000083","089-1000074","258","AIS","258.0","16.52","Friday","20150922"
"089-1000083","089-1000091","176","AIS","176.0","16.41","Thursday","20150903"
"089-1000083","089-1000089","442","AIS","442.0","13.2","Monday","20150905"
"089-1000083","089-1000047","28","AIS","28.0","6.31","Friday","20150931"
"089-1000083","089-1000097","22","AIS","22.0","21.27","Wednesday","20150906"
